{"1": {"time": 0.7916402063871685, "s3_time": 0.14906602784206993}, "2": {"time": 1.442898886544364, "s3_time": 0.24829750401633127}, "3": {"time": 0.4624900793542667, "s3_time": 0.14786765526752083}, "4": {"time": 0.6726605123943753, "s3_time": 0.16486881706449721}, "5": {"time": 0.7968169444518564, "s3_time": 0.1594346331052131}, "6": {"time": 0.9972755244520844, "s3_time": 0.1714920958534616}, "7": {"time": 1.1668966467914685, "s3_time": 0.17671255335781744}, "8": {"time": 1.3700281681295214, "s3_time": 0.20306281004538082}, "9": {"time": 1.6614386744277423, "s3_time": 0.20772554430850718}, "10": {"time": 2.5432838605455133, "s3_time": 0.355610652403398}}