{"1": {"time": 0.7712599558707995, "s3_time": 0.13953677813212076}, "2": {"time": 0.31960927746283313, "s3_time": 0.14482147353036062}, "3": {"time": 0.49135228620993127, "s3_time": 0.1544010188128497}, "4": {"time": 0.6699551758845208, "s3_time": 0.1600014755080418}, "5": {"time": 0.8548458961958296, "s3_time": 0.16625991028346374}, "6": {"time": 1.0400202098217877, "s3_time": 0.18348713219165802}, "7": {"time": 1.2154215425252914, "s3_time": 0.179573732343587}, "8": {"time": 1.3894878084009343, "s3_time": 0.19337816130031238}, "9": {"time": 1.6962932326310982, "s3_time": 0.2197197375853369}, "10": {"time": 4.040222098952846, "s3_time": 0.6335728199858415}}